{"type":"footer","name":"Footer","sections":{"blocks_8dXnLY":{"type":"_blocks","name":"FAQ accordion","settings":{}},"blocks_zingLi":{"type":"_blocks","disabled":true,"name":"Policy content","settings":{}},"footer":{"type":"static-footer","custom_css":["\/* Soft Luxury Footer Dividers *\/.footer-block__details {border-top: 1px solid rgba(180, 170, 165, 0.35) !important; border-bottom: 1px solid rgba(180, 170, 165, 0.35) !important; margin: 26px 0 !important; padding: 24px 0 !important;}"],"settings":{"heading":"Stay Connected","text":"<p>Join our refined community for early access, seasonal inspiration, and exclusive offers.<\/p>","footer-mailing-list":true,"footer-alternate":true,"footer-secondary-menu":"footer","show_follow_on_shop":true,"show_locale_selector":true,"show_currency_selector":true,"footer-payment-options":true}}},"order":["blocks_8dXnLY","blocks_zingLi","footer"]}