{"type":"header","name":"Header","sections":{"announcement_bar":{"type":"pxs-announcement-bar","settings":{"show_announcement":true,"announcement_home_only":true,"announcement_text":"Free Shipping & Returns; Certain Limitations May apply.","announcement_text_mobile":"Free Shipping & Returns; Certain Limitations May apply.","announcement_link":"","announcement_color":"#ffffff","announcement_background":"#141111"}},"header":{"type":"static-header","custom_css":[".qa-footer-credit {text-align: center; font-family: \"Playfair Display\", serif; font-size: 13px; letter-spacing: 0.5px; margin-top: 12px; color: #6a5f5f; opacity: 0.85;}"],"settings":{"image":"shopify:\/\/shop_images\/QA_Transparent_Logo_160x160_eadbd19d-3976-4fd6-a137-0a7557bccf55.png","logo_width":80,"header-layout":"normal","center-header":true,"social-icons":true,"show-labels":true,"cart-icon":"cart","live_search_enabled":true,"menu":"mainmenu","top-level-columns":"two-columns"}}},"order":["announcement_bar","header"]}