{"current":{"pluginseo_pageTitleTruncateChars":"999","pluginseo_pageTitleEnableAppender":true,"pluginseo_pageTitleAppenderTemplate":"| %% shop.name %%","pluginseo_pageTitleAppenderTargetLength":"70","pluginseo_pageTitleTemplateApplyToAll":true,"pluginseo_pageTitleTruncateEnableForCollections":true,"pluginseo_pageTitleTruncateEnableForProducts":true,"pluginseo_pageTitleTruncateEnableForPages":true,"pluginseo_pageTitleTruncateEnableForArticles":true,"pluginseo_pageTitleTruncateEnableForBlogs":true,"pluginseo_pageTitleDefaultTemplate":"%% page_title %%","pluginseo_pageTitlePageTemplate":"%% page_title %%","pluginseo_pageTitleSearchTemplate":"Shop %% search.terms %% at %% shop.name %%","pluginseo_pageTitleProductTemplate":"%% product.title %%%% product.selected_variant.title || prepend_not_empty: ' ' %%","pluginseo_pageTitleCollectionTemplate":"Shop %% current_tags || join: ', ' || append_not_empty: ' ' %%%% collection.title || escape %% at %% shop.name %%","pluginseo_pageTitleCatalogTemplate":"Browse %% collection.products || map: 'collections' || map: 'title' || uniq || take: '5' || join: ', ' || escape || remove: 'Home page, ' || remove: 'home page, '  || remove: 'Home page' || remove: 'Home page'  %% at %% shop.name %%","pluginseo_pageTitleBlogTemplate":"%% shop.name %% %% blog.title %%%% blog.all_tags || take: '5' || join: ', ' || prepend_not_empty: ' blog: ' || append_not_empty: ' and more' %%","pluginseo_pageTitleArticleTemplate":"%% article.title %%%% article.tags || take: '3' || join: ', ' || prepend_not_empty: ' | ' || append_not_empty: ' and more' %% | %% shop.name %% %% blog.title %% blog","pluginseo_pageTitle404Template":"404: Page Not Found - %% shop.name %%","pluginseo_metaDescriptionTruncateChars":"170","pluginseo_metaDescriptionTemplateApplyToAll":true,"pluginseo_metaDescriptionTruncateEnableForCollections":true,"pluginseo_metaDescriptionTruncateEnableForProducts":true,"pluginseo_metaDescriptionTruncateEnableForPages":true,"pluginseo_metaDescriptionTruncateEnableForArticles":true,"pluginseo_metaDescriptionTruncateEnableForBlogs":true,"pluginseo_metaDescriptionDefaultTemplate":"%% page_description %%","pluginseo_metaDescriptionPageTemplate":"%% page.content || strip_newlines || strip_html || escape || append_not_empty: '.' %% Visit %% shop.name %%","pluginseo_metaDescriptionSearchTemplate":"Find %% search.terms || default: 'it' %% here%% search.results || map: 'title' || take: '3' || join: ', ' || prepend_not_empty: ' including ' || append_not_empty: ' and more' %% at %% shop.name %%","pluginseo_metaDescriptionProductTemplate":"%% product.description || strip_newlines || replace: '.,', ',' || strip_html || escape %%","pluginseo_metaDescriptionCollectionTemplate":"%% collection.all_tags || take: '3' || join: ', ' || prepend_not_empty: 'Shop ' || append_not_empty: ' and more ' %%%% collection.title || escape %% at %% shop.name %% %% collection.description || strip_html || strip_newlines || escape || strip %%","pluginseo_metaDescriptionCatalogTemplate":"Discover %% collection.products || map: 'title' || uniq || take: '3' || join: ', ' || escape %% and more.","pluginseo_metaDescriptionBlogTemplate":"%% blog.articles || map: 'title' || take: '3' || join: ', ' || prepend_not_empty: 'Read about ' || append_not_empty: ' and more on the '%%%% shop.name %% %% blog.title %% blog.","pluginseo_metaDescriptionArticleTemplate":"%% article.excerpt_or_content || strip_newlines || strip_html || escape %%%% article.tags || take: '6' || join: ', ' || prepend_not_empty: ' Read about ' || append_not_empty: ' and more' %% %% article.title %% on the %% shop.name %% %% blog.title %% blog","pluginseo_metaDescription404Template":"The page you requested can't be found, please visit %% shop.domain %% instead","pluginseo_structuredDataDisplayLogo":false,"pluginseo_structuredDataReviewApp":"autodetect","show_age_gate_logo":false,"background-colour":"#f7f7f7","primary-border-colour":"#000000","text-colour":"#141111","title-colour":"#4a0021","accent-colour":"#b77b0b","button-text-colour":"#F7F7F7","logotype-link-colour":"#000000","header-action-link-colour":"#4a0021","nav-link-colour":"#4A0021","nav-link-dropdown-colour":"#EDEDED","nav-background-colour":"#1A1A1A","nav-border-colour":"#000000","in-stock-colour":"#0B5D0B","low-stock-colour":"#b77b0b","font_body":"karla_n6","font_headings":"playfair_display_n7","font_headings_captialize":true,"font_headings_secondary":"montserrat_n6","font_accent":"montserrat_n4","favicon":"shopify:\/\/shop_images\/social_sharing_image.webp","show_quantity_selector":false,"show_payment_button":true,"media_borders":false,"show-brand-names":true,"show_atc":false,"show_product_secondary_image":true,"enable_product_details_overlay":true,"product_grid_aspect_ratio":"taller","enable-quick-shop":false,"email-url":"clientservices@queenanna.co","facebook-url":"https:\/\/www.facebook.com\/queenannaliving","instagram-url":"https:\/\/www.instagram.com\/queenannaliving\/","enable_checkout_lock_icon":false,"enable_cart_message":true,"cart_message":"New Here? Use FIRST15 at checkout for 15% off.","cart_message_color_scheme":"accent","enable_free_shipping_bar":true,"free_shipping_min_amount":"300","enable_back_to_top":true,"accent-hover-colour":"#3b4941","alt-product-card":false,"checkout_accent_color":"#197bbd","checkout_body_background_color":"#fff","checkout_body_font":"-apple-system, BlinkMacSystemFont, 'Segoe UI', Roboto, Helvetica, Arial, sans-serif, 'Apple Color Emoji', 'Segoe UI Emoji', 'Segoe UI Symbol'","checkout_button_color":"#197bbd","checkout_error_color":"#e32c2b","checkout_heading_font":"-apple-system, BlinkMacSystemFont, 'Segoe UI', Roboto, Helvetica, Arial, sans-serif, 'Apple Color Emoji', 'Segoe UI Emoji', 'Segoe UI Symbol'","checkout_input_background_color_mode":"white","checkout_logo_position":"left","checkout_logo_size":"medium","checkout_sidebar_background_color":"#fafafa","currency_converter_currencies":"INR GBP CAD USD AUD EUR JPY","currency_converter_default":"USD","currency_display_format":"money_with_currency_format","currency-switcher-default":"USD","currency-switcher-format":"money_format","currency-switcher-supported-currencies":"CAD USD EUR GBP AUD","enable_currency_converter":true,"header-action-link-hover-colour":"#39423d","image-borders":false,"logotype-link-hover-colour":"#4d6055","nav-link-hover-colour":"#4d6055","quickshop_enable_cart_redirect":false,"quickshop_fitting_guide_icon":"shirt","quickshop_gallery_enable_image_zoom":true,"quickshop_gallery_enable_video_autoplay":true,"quickshop_gallery_enable_video_looping":true,"quickshop_gallery_layout":"list","quickshop_image_zoom":true,"quickshop_show_spb":false,"quickshop_show_variant_sku":false,"quickshop_social_sharing_buttons":true,"quickshop_variant_options_style":"select","quickshop-product-email-link":false,"quickshop-product-quantity-option":true,"quickshop-thumb-orientation":"left","show-currency-switcher":true,"show-mailing-list":true,"sections":{"static-giftcard":{"type":"static-giftcard","settings":{}}},"content_for_index":[],"blocks":{"15879463164198068590":{"type":"shopify:\/\/apps\/tapcart-mobile-app\/blocks\/ck_loader\/604cad6b-3841-4da3-b864-b96622b4adb8","disabled":false,"settings":{}},"14327677521557774844":{"type":"shopify:\/\/apps\/simprosys-google-shopping-feed\/blocks\/core_settings_block\/1f0b859e-9fa6-4007-97e8-4513aff5ff3b","disabled":false,"settings":{}},"4252583770683550135":{"type":"shopify:\/\/apps\/redo\/blocks\/redo_app_embed\/c613644b-6df4-4d11-b336-43a5c06745a1","disabled":false,"settings":{}},"15683396631634586217":{"type":"shopify:\/\/apps\/inbox\/blocks\/chat\/841fc607-4181-4ad1-842d-e24d7f8bad6b","disabled":false,"settings":{"button_color":"#000000","secondary_color":"#FFFFFF","ternary_color":"#6A6A6A","button_icon":"chat_bubble","button_text":"chat_with_us","button_horizontal_position":"bottom_right","button_vertical_position":"lowest","greeting_message":""}},"7885500093077574326":{"type":"shopify:\/\/apps\/videowise-video-commerce\/blocks\/script_embed\/b48d6c0c-3e3f-4791-a9ab-a5ab7ec82f4d","disabled":false,"settings":{}}}},"presets":{"Atlantic":{"accent-colour":"#4d6055","accent-hover-colour":"#3b4941","alt-product-card":false,"background-colour":"#ffffff","button-text-colour":"#ffffff","cart_message_color_scheme":"accent","checkout_accent_color":"#197bbd","checkout_body_background_color":"#fff","checkout_body_font":"-apple-system, BlinkMacSystemFont, 'Segoe UI', Roboto, Helvetica, Arial, sans-serif, 'Apple Color Emoji', 'Segoe UI Emoji', 'Segoe UI Symbol'","checkout_button_color":"#197bbd","checkout_error_color":"#e32c2b","checkout_heading_font":"-apple-system, BlinkMacSystemFont, 'Segoe UI', Roboto, Helvetica, Arial, sans-serif, 'Apple Color Emoji', 'Segoe UI Emoji', 'Segoe UI Symbol'","checkout_input_background_color_mode":"white","checkout_logo_position":"left","checkout_logo_size":"medium","checkout_sidebar_background_color":"#fafafa","currency_converter_currencies":"INR GBP CAD USD AUD EUR JPY","currency_converter_default":"USD","currency_display_format":"money_with_currency_format","currency-switcher-default":"USD","currency-switcher-format":"money_format","currency-switcher-supported-currencies":"CAD USD EUR GBP AUD","enable_cart_message":true,"enable_checkout_lock_icon":false,"enable_currency_converter":true,"enable_free_shipping_bar":true,"enable_product_details_overlay":false,"enable-quick-shop":true,"font_accent":"lato_n4","font_body":"nunito_sans_n4","font_headings_captialize":false,"font_headings_secondary":"lato_n4","font_headings":"crimson_text_n4","free_shipping_min_amount":"300","header-action-link-colour":"#4d5852","header-action-link-hover-colour":"#39423d","image-borders":false,"in-stock-colour":"#4d6055","logotype-link-colour":"#39423d","logotype-link-hover-colour":"#4d6055","low-stock-colour":"#be5e73","media_borders":false,"nav-background-colour":"#4d6055","nav-border-colour":"#d4d4d4","nav-link-colour":"#4d5852","nav-link-dropdown-colour":"#ffffff","nav-link-hover-colour":"#4d6055","primary-border-colour":"#d4d4d4","product_grid_aspect_ratio":"taller","quickshop_enable_cart_redirect":false,"quickshop_fitting_guide_icon":"shirt","quickshop_gallery_enable_image_zoom":true,"quickshop_gallery_enable_video_autoplay":true,"quickshop_gallery_enable_video_looping":true,"quickshop_gallery_layout":"list","quickshop_image_zoom":true,"quickshop_show_spb":false,"quickshop_show_variant_sku":false,"quickshop_social_sharing_buttons":true,"quickshop_variant_options_style":"select","quickshop-product-email-link":false,"quickshop-product-quantity-option":true,"quickshop-thumb-orientation":"left","show_atc":true,"show_payment_button":true,"show_product_secondary_image":true,"show_quantity_selector":false,"show-brand-names":false,"show-currency-switcher":true,"show-mailing-list":true,"text-colour":"#39423d","title-colour":"#39423d"},"Plush":{"accent-colour":"#e2472f","accent-hover-colour":"#3b4941","background-colour":"#ffffff","button-text-colour":"#ffffff","cart_message_color_scheme":"accent","checkout_accent_color":"#86ac92","checkout_button_color":"#e2472f","checkout_error_color":"#e2472f","checkout_logo_position":"left","checkout_logo_size":"small","checkout_sidebar_background_color":"#fffaec","enable_cart_message":true,"enable_free_shipping_bar":true,"enable_product_details_overlay":false,"font_accent":"lato_n4","font_body":"lato_n4","font_headings_secondary":"nunito_sans_n4","font_headings":"poppins_n5","free_shipping_min_amount":"50","header-action-link-colour":"#1e1e1e","header-action-link-hover-colour":"#39423d","in-stock-colour":"#289e28","logotype-link-colour":"#1e1e1e","logotype-link-hover-colour":"#4d6055","low-stock-colour":"#e2472f","media_borders":true,"nav-background-colour":"#fffaec","nav-border-colour":"#ebebeb","nav-link-colour":"#1e1e1e","nav-link-dropdown-colour":"#1e1e1e","nav-link-hover-colour":"#4d6055","primary-border-colour":"#ebebeb","product_grid_aspect_ratio":"square","show_quantity_selector":true,"show-brand-names":false,"text-colour":"#1e1e1e","title-colour":"#1e1e1e"},"Cotton":{"accent-colour":"#1b1e3f","background-colour":"#ffffff","button-text-colour":"#ffffff","cart_message_color_scheme":"accent","checkout_accent_color":"#1b1e3f","checkout_body_background_color":"#fff","checkout_body_font":"-apple-system, BlinkMacSystemFont, 'Segoe UI', Roboto, Helvetica, Arial, sans-serif, 'Apple Color Emoji', 'Segoe UI Emoji', 'Segoe UI Symbol'","checkout_button_color":"#1b1e3f","checkout_error_color":"#e32c2b","checkout_heading_font":"-apple-system, BlinkMacSystemFont, 'Segoe UI', Roboto, Helvetica, Arial, sans-serif, 'Apple Color Emoji', 'Segoe UI Emoji', 'Segoe UI Symbol'","checkout_input_background_color_mode":"white","checkout_logo_position":"left","checkout_logo_size":"medium","checkout_sidebar_background_color":"#e8e8e8","currency_converter_currencies":"INR GBP CAD USD AUD EUR JPY","currency_converter_default":"USD","currency_display_format":"money_with_currency_format","currency-switcher-default":"USD","currency-switcher-format":"money_with_currency_format","currency-switcher-supported-currencies":"USD CAD EUR GBP AUD","enable_cart_message":true,"enable_checkout_lock_icon":false,"enable_currency_converter":true,"enable_free_shipping_bar":true,"enable_product_details_overlay":false,"enable-quick-shop":true,"font_accent":"jost_n4","font_body":"serif","font_headings_captialize":false,"font_headings_secondary":"jost_n4","font_headings":"libre_caslon_text_n4","free_shipping_min_amount":"300","header-action-link-colour":"#1b1e3f","image-borders":false,"logotype-link-colour":"#222222","media_borders":false,"nav-background-colour":"#1b1e3f","nav-border-colour":"#dddddd","nav-link-colour":"#222222","nav-link-dropdown-colour":"#ffffff","primary-border-colour":"#eeeeee","product_grid_aspect_ratio":"default","quickshop_enable_cart_redirect":false,"quickshop_fitting_guide_icon":"shirt","quickshop_fitting_guide_url":"frontpage","quickshop_gallery_enable_image_zoom":true,"quickshop_gallery_enable_video_autoplay":true,"quickshop_gallery_enable_video_looping":true,"quickshop_gallery_layout":"list","quickshop_image_zoom":true,"quickshop_show_spb":true,"quickshop_show_variant_sku":false,"quickshop_social_sharing_buttons":false,"quickshop_variant_options_style":"select","quickshop-product-email-link":true,"quickshop-product-quantity-option":true,"quickshop-thumb-orientation":"left","show_atc":true,"show_product_secondary_image":true,"show_quantity_selector":true,"show-brand-names":true,"show-currency-switcher":true,"show-mailing-list":true,"text-colour":"#222222","title-colour":"#000000","variant_options_style":"radio"},"Atrium":{"accent-colour":"#713434","background-colour":"#fefefe","button-text-colour":"#ffffff","cart_message_color_scheme":"contrast","checkout_accent_color":"#197bbd","checkout_body_background_color":"#fff","checkout_body_font":"-apple-system, BlinkMacSystemFont, 'Segoe UI', Roboto, Helvetica, Arial, sans-serif, 'Apple Color Emoji', 'Segoe UI Emoji', 'Segoe UI Symbol'","checkout_button_color":"#197bbd","checkout_error_color":"#e32c2b","checkout_heading_font":"-apple-system, BlinkMacSystemFont, 'Segoe UI', Roboto, Helvetica, Arial, sans-serif, 'Apple Color Emoji', 'Segoe UI Emoji', 'Segoe UI Symbol'","checkout_input_background_color_mode":"white","checkout_logo_position":"left","checkout_logo_size":"medium","checkout_sidebar_background_color":"#fafafa","currency_converter_currencies":"INR GBP CAD USD AUD EUR JPY","currency_converter_default":"USD","currency_display_format":"money_with_currency_format","currency-switcher-default":"USD","currency-switcher-format":"money_format","currency-switcher-supported-currencies":"CAD USD GBP EUR AUD","enable_cart_message":true,"enable_checkout_lock_icon":false,"enable_currency_converter":true,"enable_free_shipping_bar":true,"enable_product_details_overlay":false,"enable-quick-shop":true,"font_accent":"jost_n4","font_body":"jost_n3","font_headings_captialize":false,"font_headings_secondary":"jost_n4","font_headings":"jost_n4","free_shipping_min_amount":"750","header-action-link-colour":"#4b4b4b","image-borders":false,"logotype-link-colour":"#713434","low-stock-colour":"#713434","media_borders":false,"nav-background-colour":"#713434","nav-border-colour":"#ebebeb","nav-link-colour":"#606060","nav-link-dropdown-colour":"#ffffff","primary-border-colour":"#ebebeb","product_grid_aspect_ratio":"square","quickshop_enable_cart_redirect":false,"quickshop_fitting_guide_icon":"shirt","quickshop_gallery_enable_image_zoom":true,"quickshop_gallery_enable_video_autoplay":true,"quickshop_gallery_enable_video_looping":true,"quickshop_gallery_layout":"list","quickshop_image_zoom":true,"quickshop_show_spb":true,"quickshop_show_variant_sku":false,"quickshop_social_sharing_buttons":false,"quickshop_variant_options_style":"select","quickshop-product-email-link":true,"quickshop-product-quantity-option":true,"quickshop-thumb-orientation":"below","show_atc":false,"show_product_secondary_image":true,"show-brand-names":true,"show-currency-switcher":true,"show-mailing-list":true,"text-colour":"#606060","title-colour":"#4b4b4b"},"Parfum":{"accent-colour":"#4a454b","background-colour":"#ffffff","button-text-colour":"#ffffff","cart_message_color_scheme":"contrast","checkout_accent_color":"#197bbd","checkout_body_background_color":"#fff","checkout_body_font":"-apple-system, BlinkMacSystemFont, 'Segoe UI', Roboto, Helvetica, Arial, sans-serif, 'Apple Color Emoji', 'Segoe UI Emoji', 'Segoe UI Symbol'","checkout_button_color":"#197bbd","checkout_error_color":"#e32c2b","checkout_heading_font":"-apple-system, BlinkMacSystemFont, 'Segoe UI', Roboto, Helvetica, Arial, sans-serif, 'Apple Color Emoji', 'Segoe UI Emoji', 'Segoe UI Symbol'","checkout_input_background_color_mode":"white","checkout_logo_position":"left","checkout_logo_size":"medium","checkout_sidebar_background_color":"#fafafa","currency_converter_currencies":"INR GBP CAD USD AUD EUR JPY","currency_converter_default":"USD","currency_display_format":"money_with_currency_format","currency-switcher-default":"USD","currency-switcher-format":"money_format","currency-switcher-supported-currencies":"USD CAD EUR GBP AUD","enable_cart_message":true,"enable_checkout_lock_icon":false,"enable_currency_converter":true,"enable_free_shipping_bar":true,"enable_product_details_overlay":false,"enable-quick-shop":true,"font_accent":"instrument_sans_n4","font_body":"instrument_sans_n4","font_headings_captialize":false,"font_headings_secondary":"instrument_sans_n4","font_headings":"libre_franklin_n5","free_shipping_min_amount":"75","header-action-link-colour":"#1d1c1e","image-borders":false,"in-stock-colour":"#4a454b","logotype-link-colour":"#1d1c1e","low-stock-colour":"#840e0e","media_borders":false,"nav-background-colour":"#4a454b","nav-border-colour":"#dedede","nav-link-colour":"#1d1c1e","nav-link-dropdown-colour":"#ffffff","primary-border-colour":"#dedede","product_grid_aspect_ratio":"default","quickshop_enable_cart_redirect":false,"quickshop_fitting_guide_icon":"ruler","quickshop_gallery_enable_image_zoom":true,"quickshop_gallery_enable_video_autoplay":true,"quickshop_gallery_enable_video_looping":true,"quickshop_gallery_layout":"list","quickshop_image_zoom":false,"quickshop_show_spb":false,"quickshop_show_variant_sku":false,"quickshop_social_sharing_buttons":false,"quickshop_variant_options_style":"select","quickshop-product-email-link":false,"quickshop-product-quantity-option":false,"quickshop-thumb-orientation":"left","show_atc":true,"show_payment_button":false,"show_product_secondary_image":false,"show-brand-names":true,"show-currency-switcher":true,"show-mailing-list":true,"text-colour":"#676767","title-colour":"#1d1c1e","variant_options_style":"radio"}},"platform_customizations":{"custom_css":[]}}