[
  {
    "name": "SEO - Page Titles",
    "settings": [
      {
        "type": "paragraph",
        "content": "Powered by Plug in SEO Plus"
      },
      {
        "type": "paragraph",
        "content": "Page titles are displayed in the web browser tab and as the blue underlined link text in search engines"
      },
      {
        "type": "paragraph",
        "content": "[Page titles help](https://support.pluginuseful.com/hc/en-us/articles/23534742642068-How-do-search-engines-use-page-titles)"
      },
      {
        "type": "text",
        "id": "pluginseo_pageTitleTruncateChars",
        "label": "Maximum length (characters)",
        "default": "999"
      },
      {
        "type": "header",
        "content": "Appender"
      },
      {
        "type": "checkbox",
        "id": "pluginseo_pageTitleEnableAppender",
        "label": "Append to short page titles?",
        "default": true
      },
      {
        "type": "text",
        "id": "pluginseo_pageTitleAppenderTemplate",
        "label": "Append",
        "default": "| %% shop.name %%"
      },
      {
        "type": "text",
        "id": "pluginseo_pageTitleAppenderTargetLength",
        "label": "Target length",
        "default": "70"
      },
      {
        "type": "header",
        "content": "Page Title Templates"
      },
      {
        "type": "checkbox",
        "id": "pluginseo_pageTitleTemplateApplyToAll",
        "label": "Also apply templates to manually entered page titles?",
        "default": true
      },
      {
        "type": "checkbox",
        "id": "pluginseo_pageTitleTruncateEnableForCollections",
        "label": "Apply To Collections",
        "default": true
      },
      {
        "type": "checkbox",
        "id": "pluginseo_pageTitleTruncateEnableForProducts",
        "label": "Apply To Products",
        "default": true
      },
      {
        "type": "checkbox",
        "id": "pluginseo_pageTitleTruncateEnableForPages",
        "label": "Apply To Pages",
        "default": true
      },
      {
        "type": "checkbox",
        "id": "pluginseo_pageTitleTruncateEnableForArticles",
        "label": "Apply To Articles",
        "default": true
      },
      {
        "type": "checkbox",
        "id": "pluginseo_pageTitleTruncateEnableForBlogs",
        "label": "Apply To Blogs",
        "default": true
      },
      {
        "type": "text",
        "id": "pluginseo_pageTitleDefaultTemplate",
        "label": "Default",
        "default": "%% page_title %%",
        "info": "this template will apply to all blank page types below"
      },
      {
        "type": "text",
        "id": "pluginseo_pageTitleIndexTemplate",
        "label": "Homepage"
      },
      {
        "type": "text",
        "id": "pluginseo_pageTitlePageTemplate",
        "label": "Page",
        "default": "%% page_title %%"
      },
      {
        "type": "text",
        "id": "pluginseo_pageTitleSearchTemplate",
        "label": "Search",
        "default": "Shop %% search.terms %% at %% shop.name %%"
      },
      {
        "type": "text",
        "id": "pluginseo_pageTitleProductTemplate",
        "label": "Product",
        "default": "%% product.title %%%% product.selected_variant.title || prepend_not_empty: ' ' %%"
      },
      {
        "type": "text",
        "id": "pluginseo_pageTitleCollectionTemplate",
        "label": "Collection",
        "default": "Shop %% current_tags || join: ', ' || append_not_empty: ' ' %%%% collection.title || escape %% at %% shop.name %%"
      },
      {
        "type": "text",
        "id": "pluginseo_pageTitleCatalogTemplate",
        "label": "Catalog Page",
        "default": "Browse %% collection.products || map: 'collections' || map: 'title' || uniq || take: '5' || join: ', ' || escape || remove: 'Home page, ' || remove: 'home page, '  || remove: 'Home page' || remove: 'Home page'  %% at %% shop.name %%"
      },
      {
        "type": "text",
        "id": "pluginseo_pageTitleBlogTemplate",
        "label": "Blog",
        "default": "%% shop.name %% %% blog.title %%%% blog.all_tags || take: '5' || join: ', ' || prepend_not_empty: ' blog: ' || append_not_empty: ' and more' %%"
      },
      {
        "type": "text",
        "id": "pluginseo_pageTitleArticleTemplate",
        "label": "Article",
        "default": "%% article.title %%%% article.tags || take: '3' || join: ', ' || prepend_not_empty: ' | ' || append_not_empty: ' and more' %% | %% shop.name %% %% blog.title %% blog"
      },
      {
        "type": "text",
        "id": "pluginseo_pageTitle404Template",
        "label": "404",
        "default": "404: Page Not Found - %% shop.name %%"
      }
    ]
  },
  {
    "name": "SEO - Meta Descriptions",
    "settings": [
      {
        "type": "paragraph",
        "content": "Powered by Plug in SEO Plus"
      },
      {
        "type": "paragraph",
        "content": "Meta descriptions are displayed as the paragraph text in search engines"
      },
      {
        "type": "paragraph",
        "content": "[Meta descriptions help](https://support.pluginuseful.com/hc/en-us/articles/23534811160596-How-do-search-engines-use-meta-descriptions)"
      },
      {
        "type": "text",
        "id": "pluginseo_metaDescriptionTruncateChars",
        "label": "Maximum length (characters)",
        "default": "170"
      },
      {
        "type": "header",
        "content": "Meta Description Templates"
      },
      {
        "type": "checkbox",
        "id": "pluginseo_metaDescriptionTemplateApplyToAll",
        "label": "Also apply templates to manually entered meta descriptions?",
        "default": true
      },
      {
        "type": "checkbox",
        "id": "pluginseo_metaDescriptionTruncateEnableForCollections",
        "label": "Apply To Collections",
        "default": true
      },
      {
        "type": "checkbox",
        "id": "pluginseo_metaDescriptionTruncateEnableForProducts",
        "label": "Apply To Products",
        "default": true
      },
      {
        "type": "checkbox",
        "id": "pluginseo_metaDescriptionTruncateEnableForPages",
        "label": "Apply To Pages",
        "default": true
      },
      {
        "type": "checkbox",
        "id": "pluginseo_metaDescriptionTruncateEnableForArticles",
        "label": "Apply To Articles",
        "default": true
      },
      {
        "type": "checkbox",
        "id": "pluginseo_metaDescriptionTruncateEnableForBlogs",
        "label": "Apply To Blogs",
        "default": true
      },
      {
        "type": "textarea",
        "id": "pluginseo_metaDescriptionDefaultTemplate",
        "label": "Default",
        "default": "%% page_description %%",
        "info": "this template will apply to all blank page types below"
      },
      {
        "type": "textarea",
        "id": "pluginseo_metaDescriptionIndexTemplate",
        "label": "Homepage"
      },
      {
        "type": "textarea",
        "id": "pluginseo_metaDescriptionPageTemplate",
        "label": "Page",
        "default": "%% page.content || strip_newlines || strip_html || escape || append_not_empty: '.' %% Visit %% shop.name %%"
      },
      {
        "type": "textarea",
        "id": "pluginseo_metaDescriptionSearchTemplate",
        "label": "Search",
        "default": "Find %% search.terms || default: 'it' %% here%% search.results || map: 'title' || take: '3' || join: ', ' || prepend_not_empty: ' including ' || append_not_empty: ' and more' %% at %% shop.name %%"
      },
      {
        "type": "textarea",
        "id": "pluginseo_metaDescriptionProductTemplate",
        "label": "Product",
        "default": "%% product.description || strip_newlines || replace: '.,', ',' || strip_html || escape %%"
      },
      {
        "type": "textarea",
        "id": "pluginseo_metaDescriptionCollectionTemplate",
        "label": "Collection",
        "default": "%% collection.all_tags || take: '3' || join: ', ' || prepend_not_empty: 'Shop ' || append_not_empty: ' and more ' %%%% collection.title || escape %% at %% shop.name %% %% collection.description || strip_html || strip_newlines || escape || strip %%"
      },
      {
        "type": "textarea",
        "id": "pluginseo_metaDescriptionCatalogTemplate",
        "label": "Catalog Page",
        "default": "Discover %% collection.products || map: 'title' || uniq || take: '3' || join: ', ' || escape %% and more."
      },
      {
        "type": "textarea",
        "id": "pluginseo_metaDescriptionBlogTemplate",
        "label": "Blog",
        "default": "%% blog.articles || map: 'title' || take: '3' || join: ', ' || prepend_not_empty: 'Read about ' || append_not_empty: ' and more on the '%%%% shop.name %% %% blog.title %% blog."
      },
      {
        "type": "textarea",
        "id": "pluginseo_metaDescriptionArticleTemplate",
        "label": "Article",
        "default": "%% article.excerpt_or_content || strip_newlines || strip_html || escape %%%% article.tags || take: '6' || join: ', ' || prepend_not_empty: ' Read about ' || append_not_empty: ' and more' %% %% article.title %% on the %% shop.name %% %% blog.title %% blog"
      },
      {
        "type": "textarea",
        "id": "pluginseo_metaDescription404Template",
        "label": "404",
        "default": "The page you requested can't be found, please visit %% shop.domain %% instead"
      }
    ]
  },
  {
    "name": "SEO - Structured Data",
    "settings": [
      {
        "type": "paragraph",
        "content": "Powered by Plug in SEO Plus"
      },
      {
        "type": "paragraph",
        "content": "Structured data allows search engines to better understand the content of your pages, enabling your shop to be displayed in more prominent ways"
      },
      {
        "type": "paragraph",
        "content": "[Structured data help](https://support.pluginuseful.com/hc/en-us/articles/23534775850260-How-do-I-set-up-my-JSON-LD-structured-data-Schema-Markup)"
      },
      {
        "type": "image",
        "id": "pluginseo_structuredDataLogo.png",
        "label": "Logo"
      },
      {
        "type": "checkbox",
        "id": "pluginseo_structuredDataDisplayLogo",
        "label": "Include logo?",
        "default": false
      },
      {
        "type": "header",
        "content": "Social Profile Links"
      },
      {
        "type": "textarea",
        "id": "pluginseo_structuredDataSocialProfileLinks",
        "label": "Social profile links - one URL per line"
      },
      {
        "type": "header",
        "content": "Reviews"
      },
      {
        "type": "select",
        "id": "pluginseo_structuredDataReviewApp",
        "label": "Review App",
        "default": "autodetect",
        "options": [
          {
            "value": "autodetect",
            "label": "Auto-Detect"
          },
          {
            "value": "judgeme",
            "label": "Judge.me"
          },
          {
            "value": "loox",
            "label": "Loox"
          },
          {
            "value": "opinew",
            "label": "Opinew"
          },
          {
            "value": "shopify_product_reviews",
            "label": "Shopify Product Reviews"
          },
          {
            "value": "stamped",
            "label": "Stamped.io"
          },
          {
            "value": "rivyo",
            "label": "Rivyo"
          }
        ]
      }
    ]
  },
  {
    "name": "theme_info",
    "theme_name": "Atlantic",
    "theme_author": "Pixel Union",
    "theme_version": "19.0.1",
    "theme_documentation_url": "https://support.pixelunion.net/hc/en-us/sections/360003907714-Atlantic",
    "theme_support_url": "https://support.pixelunion.net/hc/en-us/requests/new"
  },
  {
    "name": "t:settings_schema.age_gate.name",
    "settings": [
      {
        "type": "checkbox",
        "id": "enable_age_gate_site_wide",
        "label": "t:settings_schema.age_gate.enable_site_wide.label",
        "default": false
      },
      {
        "type": "number",
        "id": "age_gate_site_wide_min_age",
        "label": "t:settings_schema.age_gate.minimum_age.label",
        "default": 18
      },
      {
        "type": "text",
        "id": "age_gate_heading",
        "label": "t:settings_schema.age_gate.heading.label",
        "default": "Age Verification"
      },
      {
        "type": "text",
        "id": "age_gate_description",
        "label": "t:settings_schema.age_gate.description.label",
        "default": "Please enter your date of birth for full access."
      },
      {
        "type": "checkbox",
        "id": "show_age_gate_logo",
        "label": "t:settings_schema.age_gate.show_logo.label",
        "default": true,
        "info": "t:settings_schema.age_gate.show_logo.info"
      }
    ]
  },
  {
    "name": "Colors",
    "settings": [
      {
        "type": "header",
        "content": "General"
      },
      {
        "type": "color",
        "id": "background-colour",
        "label": "Background"
      },
      {
        "type": "color",
        "id": "primary-border-colour",
        "label": "Border"
      },
      {
        "type": "color",
        "id": "text-colour",
        "label": "Text"
      },
      {
        "type": "color",
        "id": "title-colour",
        "label": "Heading"
      },
      {
        "type": "color",
        "id": "accent-colour",
        "label": "Accent"
      },
      {
        "type": "color",
        "id": "button-text-colour",
        "label": "Button text"
      },
      {
        "type": "header",
        "content": "Header"
      },
      {
        "type": "color",
        "id": "logotype-link-colour",
        "label": "Logo text"
      },
      {
        "type": "color",
        "id": "header-action-link-colour",
        "label": "Header action links"
      },
      {
        "type": "header",
        "content": "Navigation"
      },
      {
        "type": "color",
        "id": "nav-link-colour",
        "label": "Links"
      },
      {
        "type": "color",
        "id": "nav-link-dropdown-colour",
        "label": "Dropdown links",
        "default": "#ffffff"
      },
      {
        "type": "color",
        "id": "nav-background-colour",
        "label": "Background"
      },
      {
        "type": "color",
        "id": "nav-border-colour",
        "label": "Border"
      },
      {
        "type": "header",
        "content": "Product inventory level"
      },
      {
        "type": "color",
        "id": "in-stock-colour",
        "label": "In stock",
        "default": "#137311"
      },
      {
        "type": "color",
        "id": "low-stock-colour",
        "label": "Low stock",
        "default": "#D42B2B"
      }
    ]
  },
  {
    "name": "Typography",
    "settings": [
      {
        "type": "header",
        "content": "Body text"
      },
      {
        "type": "font_picker",
        "id": "font_body",
        "label": "Font",
        "default": "helvetica_n4"
      },
      {
        "type": "header",
        "content": "Headings"
      },
      {
        "type": "font_picker",
        "id": "font_headings",
        "label": "Font",
        "default": "helvetica_n7"
      },
      {
        "type": "checkbox",
        "id": "font_headings_captialize",
        "label": "Capitalize",
        "default": false
      },
      {
        "type": "header",
        "content": "Secondary headings"
      },
      {
        "type": "font_picker",
        "id": "font_headings_secondary",
        "label": "Font",
        "default": "helvetica_n4"
      },
      {
        "type": "header",
        "content": "Accent text"
      },
      {
        "type": "font_picker",
        "id": "font_accent",
        "label": "Font",
        "default": "helvetica_n4"
      }
    ]
  },
  {
    "name": "Favicon",
    "settings": [
      {
        "type": "image_picker",
        "id": "favicon",
        "label": "Favicon image",
        "info": "32 x 32px .png required"
      }
    ]
  },
  {
    "name": "Products",
    "settings": [
      {
        "type": "header",
        "content": "General"
      },
      {
        "type": "select",
        "id": "variant_options_style",
        "label": "Variant options style",
        "options": [
          {
            "value": "select",
            "label": "Dropdowns"
          },
          {
            "value": "radio",
            "label": "Selectable boxes"
          }
        ],
        "default": "select"
      },
      {
        "type": "checkbox",
        "id": "show_quantity_selector",
        "label": "Show quantity selector",
        "default": false
      },
      {
        "type": "checkbox",
        "id": "show_payment_button",
        "label": "Show dynamic checkout button",
        "info": "Each customer will see their preferred payment method from those available on your store, such as PayPal or Apple Pay. [Learn more](https://help.shopify.com/manual/using-themes/change-the-layout/dynamic-checkout)",
        "default": true
      },
      {
        "type": "checkbox",
        "id": "enable_cart_redirection",
        "label": "Enable cart redirection",
        "info": "Automatically sends users to the Cart page after adding a product.",
        "default": false
      },
      {
        "type": "checkbox",
        "id": "media_borders",
        "label": "Show product media borders",
        "default": true
      },
      {
        "type": "header",
        "content": "Grid"
      },
      {
        "type": "checkbox",
        "id": "show-brand-names",
        "label": "Show vendor",
        "default": true
      },
      {
        "type": "checkbox",
        "id": "show_atc",
        "label": "Show add-to-cart button",
        "default": true
      },
      {
        "type": "checkbox",
        "id": "show_product_secondary_image",
        "label": "Show secondary image on hover",
        "default": true
      },
      {
        "type": "checkbox",
        "id": "enable_product_details_overlay",
        "label": "Show product info on hover",
        "default": false
      },
      {
        "type": "select",
        "id": "product_grid_aspect_ratio",
        "label": "Product grid aspect ratio",
        "options": [
          {
            "value": "default",
            "label": "Natural"
          },
          {
            "value": "square",
            "label": "Square"
          },
          {
            "value": "tall",
            "label": "Tall"
          },
          {
            "value": "taller",
            "label": "Taller"
          },
          {
            "value": "wide",
            "label": "Wide"
          }
        ],
        "default": "default"
      },
      {
        "type": "header",
        "content": "Quick shop"
      },
      {
        "type": "checkbox",
        "id": "enable-quick-shop",
        "label": "Enable quick shop",
        "default": true
      }
    ]
  },
  {
    "name": "Social media",
    "settings": [
      {
        "type": "text",
        "id": "behance-url",
        "label": "Behance",
        "placeholder": "https://behance.net/"
      },
      {
        "type": "text",
        "id": "clubhouse-url",
        "label": "Clubhouse",
        "placeholder": "https://clubhouse.com/"
      },
      {
        "type": "text",
        "id": "discord-url",
        "label": "Discord",
        "placeholder": "https://discord.com/"
      },
      {
        "type": "text",
        "id": "dribbble-url",
        "label": "Dribbble",
        "placeholder": "https://dribbble.com/shopify"
      },
      {
        "type": "text",
        "id": "email-url",
        "label": "Email address"
      },
      {
        "type": "text",
        "id": "facebook-url",
        "label": "Facebook",
        "placeholder": "https://facebook.com/shopify"
      },
      {
        "type": "text",
        "id": "flickr-url",
        "label": "Flickr",
        "placeholder": "https://flickr.com/"
      },
      {
        "type": "text",
        "id": "houzz-url",
        "label": "Houzz",
        "placeholder": "https://houzz.com/"
      },
      {
        "type": "text",
        "id": "instagram-url",
        "label": "Instagram",
        "placeholder": "https://instagram.com/shopify"
      },
      {
        "type": "text",
        "id": "kickstarter-url",
        "label": "Kickstarter",
        "placeholder": "https://kickstarter.com/"
      },
      {
        "type": "text",
        "id": "linkedin-url",
        "label": "LinkedIn",
        "placeholder": "https://linkedin.com/company/shopify"
      },
      {
        "type": "text",
        "id": "medium-url",
        "label": "Medium",
        "placeholder": "https://medium.com/"
      },
      {
        "type": "text",
        "id": "messenger-url",
        "label": "Messenger",
        "placeholder": "https://www.messenger.com/"
      },
      {
        "type": "text",
        "id": "opensea-url",
        "label": "OpenSea",
        "placeholder": "https://opensea.io/"
      },
      {
        "type": "text",
        "id": "pinterest-url",
        "label": "Pinterest",
        "placeholder": "https://pinterest.com/shopify"
      },
      {
        "type": "text",
        "id": "reddit-url",
        "label": "Reddit",
        "placeholder": "https://reddit.com/r/shopify"
      },
      {
        "type": "text",
        "id": "rss-url",
        "label": "RSS",
        "placeholder": "https://www.shopify.com/content-services/feeds/ecommerce.atom"
      },
      {
        "type": "text",
        "id": "snapchat-url",
        "label": "Snapchat",
        "placeholder": "https://www.snapchat.com/"
      },
      {
        "type": "text",
        "id": "spotify-url",
        "label": "Spotify",
        "placeholder": "https://www.spotify.com/"
      },
      {
        "type": "text",
        "id": "tiktok-url",
        "label": "TikTok",
        "placeholder": "https://tiktok.com/@shopify"
      },
      {
        "type": "text",
        "id": "tumblr-url",
        "label": "Tumblr",
        "placeholder": "https://shopify.tumblr.com"
      },
      {
        "type": "text",
        "id": "twitch-url",
        "label": "Twitch",
        "placeholder": "https://www.twitch.tv/"
      },
      {
        "type": "text",
        "id": "x-url",
        "label": "X",
        "placeholder": "https://x.com/shopify"
      },
      {
        "type": "text",
        "id": "vimeo-url",
        "label": "Vimeo",
        "placeholder": "https://vimeo.com/"
      },
      {
        "type": "text",
        "id": "whatsapp-url",
        "label": "WhatsApp",
        "placeholder": "https://www.whatsapp.com/"
      },
      {
        "type": "text",
        "id": "youtube-url",
        "label": "YouTube",
        "placeholder": "https://www.youtube.com/user/shopify"
      }
    ]
  },
  {
    "name": "Cart",
    "settings": [
      {
        "type": "checkbox",
        "id": "enable_checkout_lock_icon",
        "label": "Show lock icon on checkout buttons",
        "default": false
      },
      {
        "type": "header",
        "content": "Cart message"
      },
      {
        "type": "checkbox",
        "id": "enable_cart_message",
        "label": "Show cart message",
        "default": false
      },
      {
        "type": "inline_richtext",
        "id": "cart_message",
        "label": "Text",
        "default": "Share a promo code here"
      },
      {
        "type": "select",
        "id": "cart_message_color_scheme",
        "label": "Color scheme",
        "options": [
          {
            "value": "contrast",
            "label": "Contrast"
          },
          {
            "value": "accent",
            "label": "Accent"
          }
        ],
        "default": "contrast"
      },
      {
        "type": "header",
        "content": "Free shipping bar",
        "info": "Only shown on the cart drawer. Configure your shipping rates separately from the free shipping bar. [Learn more](/admin/settings/shipping)"
      },
      {
        "type": "checkbox",
        "id": "enable_free_shipping_bar",
        "label": "Enable free shipping bar",
        "default": false
      },
      {
        "type": "text",
        "id": "free_shipping_min_amount",
        "label": "Free shipping minimum amount",
        "info": "Only shown in your default currency. Enter a number without currency symbols or letters. Separate the currency main unit and subunit using a dot, if applicable. Example: '200.00'"
      },
      {
        "type": "header",
        "content": "Continue shopping button"
      },
      {
        "type": "checkbox",
        "id": "enable_continue_shopping",
        "label": "Show 'continue shopping' button",
        "default": true
      },
      {
        "type": "url",
        "id": "continue_shopping_link",
        "label": "Link"
      }
    ]
  },
  {
    "name": "Advanced",
    "settings": [
      {
        "type": "header",
        "content": "Back to top"
      },
      {
        "type": "checkbox",
        "id": "enable_back_to_top",
        "label": "Enable back-to-top button",
        "default": false
      },
      {
        "type": "select",
        "id": "back_to_top_desktop_position",
        "label": "Desktop position",
        "options": [
          {
            "value": "right",
            "label": "Right"
          },
          {
            "value": "left",
            "label": "Left"
          }
        ],
        "default": "right"
      }
    ]
  }
]