{"sections":{"main":{"type":"static-collection","blocks":{"feature_ynX8mK":{"type":"feature","settings":{"style":"primary","collection":"accessories","position":"4","text":"<p><strong>Elevated Gifting Starts Here<br\/><\/strong><br\/>Thoughtful pieces, refined silhouettes, and timeless holiday luxury — curated just for you.<\/p><p><\/p><p><\/p>","link":"shopify:\/\/collections\/fashion-under-200","button":"Shop All Gifts →"}}},"block_order":["feature_ynX8mK"],"settings":{"show_breadcrumbs":true,"show-collection-image":false,"rows":11,"products_per_row":4,"enable-sorting":true,"enable_filter":true,"collection-sidebar":true,"collection-sidebar-menu":"","pagination-style":"jump-to-page"}}},"order":["main"]}