{"sections":{"dynamic-image-with-text-0":{"type":"dynamic-image-with-text","settings":{"margin":false,"image":"shopify:\/\/shop_images\/Create_a_modern-minimal_luxury-0.webp","alignment":"left","desktop_height":"natural","mobile_height":"natural","parallax":false,"title":"Polished. Practical. Powerful.","content":"<p>Elevated essentials designed for real life—workdays, weekends, and everything in between.<\/p>"}},"dynamic-collection-0":{"type":"dynamic-collection","custom_css":[],"settings":{"collection":"the-workwear-edit","title":"Workwear Edit","border":true,"rows":5,"products_per_row":3}},"dynamic-collection-list-0":{"type":"dynamic-collection-list","blocks":{"feature_9e7WiN":{"type":"feature","settings":{"collection":"black-owned-fashion-brands"}},"feature_ThkJ8z":{"type":"feature","settings":{"collection":"m-m-la-fleur-collection"}},"feature_CFU7z3":{"type":"feature","settings":{"collection":"universal-standard"}}},"block_order":["feature_9e7WiN","feature_ThkJ8z","feature_CFU7z3"],"custom_css":[],"settings":{"title":"Curated Collection Spotlight","border":false}}},"order":["dynamic-image-with-text-0","dynamic-collection-0","dynamic-collection-list-0"]}