{"sections":{"main":{"type":"static-product","blocks":{"title":{"type":"title","settings":{"show_border":false}},"price":{"type":"price","settings":{"show_border":true}},"form":{"type":"form","settings":{"show_border":true,"show_gift_card_recipient_form":false}},"description":{"type":"description","settings":{"show_border":false}},"email":{"type":"email","settings":{"show_border":true}},"share":{"type":"share","settings":{"show_border":true}}},"block_order":["title","price","form","description","email","share"],"settings":{"details_alignment":"left","show_breadcrumbs":true,"gallery_layout":"gallery-left","gallery_enable_image_zoom":true,"gallery_enable_video_autoplay":false,"gallery_enable_video_looping":true}},"product-recommendations":{"type":"static-product-recommendations","custom_css":["h2 {font-family: \"Playfair Display\", serif; font-size: 22px; letter-spacing: 0.04em; text-transform: uppercase; margin-bottom: 28px;}"],"settings":{"show_product_recommendations":true,"product_recommendations_heading":"Complete the Look"}},"1766527998d3b498f4":{"type":"apps","settings":{}}},"order":["main","product-recommendations","1766527998d3b498f4"]}